{"cameraMode":{"drawMode":0,"name":"Shaded","section":"Shading Mode"},"sceneLighting":true,"audioPlay":false,"sceneViewState":{"showFog":false,"showMaterialUpdate":false,"showSkybox":false,"showFlares":false,"showImageEffects":false,"showParticleSystems":false},"in2DMode":false,"pivot":{"x":11.681200981140137,"y":3.202279567718506,"z":0.35453158617019656},"rotation":{"x":-0.2539547383785248,"y":0.017987554892897607,"z":-0.004720715340226889,"w":-0.9670474529266357},"size":2.824765205383301,"orthographic":false}